-- phpMyAdmin SQL Dump
-- version 5.2.1
-- https://www.phpmyadmin.net/
--
-- Servidor: 127.0.0.1
-- Tiempo de generación: 01-05-2026 a las 02:18:55
-- Versión del servidor: 10.4.32-MariaDB
-- Versión de PHP: 8.2.12

SET SQL_MODE = "NO_AUTO_VALUE_ON_ZERO";
START TRANSACTION;
SET time_zone = "+00:00";


/*!40101 SET @OLD_CHARACTER_SET_CLIENT=@@CHARACTER_SET_CLIENT */;
/*!40101 SET @OLD_CHARACTER_SET_RESULTS=@@CHARACTER_SET_RESULTS */;
/*!40101 SET @OLD_COLLATION_CONNECTION=@@COLLATION_CONNECTION */;
/*!40101 SET NAMES utf8mb4 */;

--
-- Base de datos: `proyuts_db`
--

-- --------------------------------------------------------

--
-- Estructura de tabla para la tabla `categorias`
--

CREATE TABLE `categorias` (
  `id` bigint(20) NOT NULL,
  `nombre` varchar(255) DEFAULT NULL,
  `descripcion` varchar(255) DEFAULT NULL
) ENGINE=InnoDB DEFAULT CHARSET=utf8mb4 COLLATE=utf8mb4_general_ci;

--
-- Volcado de datos para la tabla `categorias`
--

INSERT INTO `categorias` (`id`, `nombre`, `descripcion`) VALUES
(1, 'Desarrollo Empresarial', 'Cursos orientados a aplicaciones empresariales'),
(2, 'Nuevas Tecnologias', 'Cursos sobre tendencias y herramientas modernas'),
(3, 'Programacion Web', 'Cursos de desarrollo web'),
(4, 'Aplicaciones Moviles', 'Cursos de apps móviles'),
(5, 'POO', 'Programación orientada a objetos'),
(6, 'Inteligencia Artificial', 'Cursos sobre Machine Learning y Ciencia de Datos'),
(7, 'Ciberseguridad', 'Seguridad informática y protección de datos'),
(8, 'Arquitectura y Diseño', 'Patrones de diseño y estructuras de sistemas'),
(9, 'Infraestructura y Redes', 'Configuración de servidores y redes de datos');

-- --------------------------------------------------------

--
-- Estructura de tabla para la tabla `cursos`
--

CREATE TABLE `cursos` (
  `id` bigint(20) NOT NULL,
  `nombre` varchar(255) NOT NULL,
  `descripcion` varchar(255) NOT NULL,
  `cupo_maximo` int(11) NOT NULL DEFAULT 30,
  `proyuts_otorgados` int(11) NOT NULL DEFAULT 0,
  `categoria_id` bigint(20) NOT NULL,
  `estado_id` bigint(20) NOT NULL,
  `fecha_creacion` timestamp NOT NULL DEFAULT current_timestamp(),
  `profesor_id` bigint(20) DEFAULT NULL
) ENGINE=InnoDB DEFAULT CHARSET=utf8mb4 COLLATE=utf8mb4_general_ci;

--
-- Volcado de datos para la tabla `cursos`
--

INSERT INTO `cursos` (`id`, `nombre`, `descripcion`, `cupo_maximo`, `proyuts_otorgados`, `categoria_id`, `estado_id`, `fecha_creacion`, `profesor_id`) VALUES
(1, 'Programacion Web', 'Curso orientado al desarrollo de aplicaciones web', 30, 10, 3, 1, '2026-04-22 03:58:46', 5),
(2, 'Aplicaciones Moviles', 'Curso enfocado en desarrollo móvil', 25, 12, 4, 1, '2026-04-22 03:58:46', NULL),
(3, 'POO', 'Curso de programación orientada a objetos', 35, 8, 5, 1, '2026-04-22 03:58:46', 4),
(5, 'curos prueba', 'dasdas', 3, 2, 3, 1, '2026-04-22 04:17:00', NULL),
(6, 'Inteligencia Artificial', 'Introducción al aprendizaje automático y redes neuronales', 20, 15, 6, 2, '2026-04-30 15:00:00', NULL),
(7, 'Seguridad Informática', 'Principios de criptografía y seguridad en redes', 25, 10, 7, 3, '2026-04-30 15:00:00', 5),
(8, 'Bases de Datos Avanzadas', 'Optimización de consultas y administración de servidores SQL', 30, 12, 8, 4, '2026-04-30 15:00:00', 4),
(9, 'Arquitectura de Software', 'Patrones de diseño y estructuras de sistemas complejos', 15, 20, 9, 5, '2026-04-30 15:00:00', NULL);

-- --------------------------------------------------------

--
-- Estructura de tabla para la tabla `curso_profesores`
--

CREATE TABLE `curso_profesores` (
  `curso_id` bigint(20) NOT NULL,
  `profesor_id` bigint(20) NOT NULL
) ENGINE=InnoDB DEFAULT CHARSET=utf8mb4 COLLATE=utf8mb4_general_ci;

-- --------------------------------------------------------

--
-- Estructura de tabla para la tabla `estados_curso`
--

CREATE TABLE `estados_curso` (
  `id` bigint(20) NOT NULL,
  `nombre` varchar(255) DEFAULT NULL
) ENGINE=InnoDB DEFAULT CHARSET=utf8mb4 COLLATE=utf8mb4_general_ci;

--
-- Volcado de datos para la tabla `estados_curso`
--

INSERT INTO `estados_curso` (`id`, `nombre`) VALUES
(5, 'CANCELADO'),
(1, 'DISPONIBLE'),
(3, 'EN_CURSO'),
(4, 'FINALIZADO'),
(2, 'LLENO');

-- --------------------------------------------------------

--
-- Estructura de tabla para la tabla `historial_proyuts`
--

CREATE TABLE `historial_proyuts` (
  `id` bigint(20) NOT NULL,
  `usuario_id` bigint(20) NOT NULL,
  `total_acumulado` int(11) NOT NULL,
  `fecha_corte` timestamp NOT NULL DEFAULT current_timestamp()
) ENGINE=InnoDB DEFAULT CHARSET=utf8mb4 COLLATE=utf8mb4_spanish_ci;

-- --------------------------------------------------------

--
-- Estructura de tabla para la tabla `inscripciones`
--

CREATE TABLE `inscripciones` (
  `id` bigint(20) NOT NULL,
  `usuario_id` bigint(20) NOT NULL,
  `curso_id` bigint(20) NOT NULL,
  `fecha_inscripcion` timestamp NOT NULL DEFAULT current_timestamp(),
  `estado_inscripcion` varchar(30) NOT NULL DEFAULT 'INSCRITO'
) ENGINE=InnoDB DEFAULT CHARSET=utf8mb4 COLLATE=utf8mb4_general_ci;

--
-- Volcado de datos para la tabla `inscripciones`
--

INSERT INTO `inscripciones` (`id`, `usuario_id`, `curso_id`, `fecha_inscripcion`, `estado_inscripcion`) VALUES
(9, 2, 1, '2026-04-28 04:36:09', 'INSCRITO'),
(12, 3, 2, '2026-05-01 03:50:36', 'INSCRITO');

-- --------------------------------------------------------

--
-- Estructura de tabla para la tabla `proyuts`
--

CREATE TABLE `proyuts` (
  `id` bigint(20) NOT NULL,
  `usuario_id` bigint(20) NOT NULL,
  `curso_id` bigint(20) DEFAULT NULL,
  `cantidad` int(11) NOT NULL,
  `descripcion` varchar(255) DEFAULT NULL,
  `fecha_registro` timestamp NOT NULL DEFAULT current_timestamp(),
  `semestre` varchar(20) DEFAULT NULL,
  `anio` int(11) DEFAULT NULL
) ENGINE=InnoDB DEFAULT CHARSET=utf8mb4 COLLATE=utf8mb4_spanish_ci;

-- --------------------------------------------------------

--
-- Estructura de tabla para la tabla `roles`
--

CREATE TABLE `roles` (
  `id` bigint(20) NOT NULL,
  `nombre` varchar(255) NOT NULL
) ENGINE=InnoDB DEFAULT CHARSET=utf8mb4 COLLATE=utf8mb4_general_ci;

--
-- Volcado de datos para la tabla `roles`
--

INSERT INTO `roles` (`id`, `nombre`) VALUES
(1, 'ADMINISTRADOR'),
(3, 'ESTUDIANTE'),
(2, 'PROFESOR');

-- --------------------------------------------------------

--
-- Estructura de tabla para la tabla `usuarios`
--

CREATE TABLE `usuarios` (
  `id` bigint(20) NOT NULL,
  `nombre` varchar(255) NOT NULL,
  `apellido` varchar(255) NOT NULL,
  `email` varchar(255) NOT NULL,
  `password` varchar(255) NOT NULL,
  `telefono` varchar(255) DEFAULT NULL,
  `programa_academico` varchar(255) NOT NULL,
  `biografia` varchar(255) DEFAULT NULL,
  `foto` mediumblob DEFAULT NULL,
  `activo` tinyint(1) NOT NULL DEFAULT 1,
  `fecha_registro` timestamp NOT NULL DEFAULT current_timestamp()
) ENGINE=InnoDB DEFAULT CHARSET=utf8mb4 COLLATE=utf8mb4_general_ci;

--
-- Volcado de datos para la tabla `usuarios`
--

INSERT INTO `usuarios` (`id`, `nombre`, `apellido`, `email`, `password`, `telefono`, `programa_academico`, `biografia`, `foto`, `activo`, `fecha_registro`) VALUES
(1, 'Fabian', 'Gelvez', 'admin@proyuts.com', '$2a$10$b3nQSilm3kTM8WZt/hVPVePx1Gen5UYugeqB0doKWVguyXcZWxKrK', '3000000000', 'Ingenieria de Software', 'Usuario de prueba', 0x64656661756c742e706e67, 1, '2026-04-22 03:00:00'),
(2, 'Jhonatan', 'Gelvez', 'Jhonatan@proyuts.edu.co', '$2a$10$LbO2BWC0ElfTeHCjPDhaoOYTF7.EX1Uq.C36XQai8Zzw5XPNIAkUm', '3124567890', 'Sistemas', 'Soy un nuevo estudiante', 0x64656661756c742e706e67, 1, '2026-04-28 02:52:12'),
(3, 'Gerson ', 'Avilaa', 'gerson123@gmail.com', '$2a$10$0/CgahBRFZIBDtw7137j1Ofq2XK6Bo4TdczJ26stkUv3mVOkkciFe', '312467589', 'Tecnologia en desarrollo de sistemas informaticos', 'dsfasdfklndsfknddnafdfkldflksfnopsanjokcxnxcjok', 0xffd8ffe000104a46494600010200000100010000ffdb004300080606070605080707070909080a0c140d0c0b0b0c1912130f141d1a1f1e1d1a1c1c20242e2720222c231c1c2837292c30313434341f27393d38323c2e333432ffdb0043010909090c0b0c180d0d1832211c213232323232323232323232323232323232323232323232323232323232323232323232323232323232323232323232323232ffc000110800e1019003012200021101031101ffc4001f0000010501010101010100000000000000000102030405060708090a0bffc400b5100002010303020403050504040000017d01020300041105122131410613516107227114328191a1082342b1c11552d1f02433627282090a161718191a25262728292a3435363738393a434445464748494a535455565758595a636465666768696a737475767778797a838485868788898a92939495969798999aa2a3a4a5a6a7a8a9aab2b3b4b5b6b7b8b9bac2c3c4c5c6c7c8c9cad2d3d4d5d6d7d8d9dae1e2e3e4e5e6e7e8e9eaf1f2f3f4f5f6f7f8f9faffc4001f0100030101010101010101010000000000000102030405060708090a0bffc400b51100020102040403040705040400010277000102031104052131061241510761711322328108144291a1b1c109233352f0156272d10a162434e125f11718191a262728292a35363738393a434445464748494a535455565758595a636465666768696a737475767778797a82838485868788898a92939495969798999aa2a3a4a5a6a7a8a9aab2b3b4b5b6b7b8b9bac2c3c4c5c6c7c8c9cad2d3d4d5d6d7d8d9dae2e3e4e5e6e7e8e9eaf2f3f4f5f6f7f8f9faffda000c03010002110311003f00f3c9527bb89624cec538551deacb69296100335dc51c87aa1e71f952c10dc5b95db92d918c75cd0f6e64909902a85eb9393f975ac4e48f9332a6015e52183851d4537420ab2b4e17009c026adde4314e0c4b70f1b1e332c5b571fef03fcf14d82d4e8f770175f3adf8e579ff00f5d17d0952e48e874d1dc388c1dad52c53dd4f1bc1e5b05ce79e38ef57ec6d62d4a7408cbe5326f523838c55a9ad6d20956025e495972115c28c7d704fe956e5657337394b4b10689a0dcf881e5f2ad121b48cec3333125cf7da00e715d66b7e1ed2f44f06ddc56b6fe5964fde37f1b1c75635ccdb6bfa9e9514c4ddc26154c476d140408c8cf43d7249ea7a9ac6d7757f11de68d23dd6a709b574f9d1154ecf6638ce6b0973ca5a9505776470fa724f2389e25397936a915ea1a36c8ac20b7bf884d7298645688b18fbe06793f41c7e35c2f84cd91d56d62b81fb90464e33f857ae0bcd05d5feccf0a46bc7951b6d39fa56f25766d59ec656a12b5c80b3028369c2b607e99cfe75e64c925b6a326d62b2231dac0f6af487b19cbdcdc5c4ae2d950b46020691bd07a7e35c66af1a79f198ad5a1991732c7d48f727de8beb6664a326b982c2d2492112428ad3b9c34ac7ee8fc7bd6fe8b6b1f87cc92a49e6cb2f2fcfde23a563595c6506ce0639abc2455b77c4524cdd70832d8f6e78a6a2a3a893e6563693c45f3965b52f393f333360d52b9f126a97739b7b6b728c738d837311ebdeb1e3bb3b831538271ee2ac5e5a41a8db98ee036d61c953834dddad1895afa8f074983cbb8d6bc410727fd42e657fa301f77f2a7dae9d62d71184f29a3979888ee4f422b222f095baa87b3c3b8e3f78326ad68b6b3417724f28c3c0fe58527953dcd4aba09723d626f5edd5fe93a34b059df3dbf258858f258e3819ed5e7973793cf2179e79257f57626bb9f16eb70c1676c2d70266977329e46d039cfe75c76b096ceb6f796a3689d4ee4cfdd61d7f9d4cd2be85c2726945bd0a0a6a5423383d0d55df8a3cda9b16e26e68b6eb2ea1f3b00a8324d41a94c6e6ea42ac480702a84324a5c08890cfc71debd03c3be178cdbf9b72bbb70e7351b3bb337354df3338fd234f7ba27038ce326baf3a0f956d1856c9ead838a4f32d2cb5d16b081e58e481eb5d669d6cb772301c8cd0db6cc2ad695d5ba9c847a7017a92e0fcaa4104f7ab9369905d465654183ed5b5aa580b3981030338aa2d2281d695912b539bbcf0ada796cd0e4300481eb5c9fd96432b228248ea2bd27cd5cf5ac91651457f2ccaa30e3359c93be85f236ce5a08ae2091490c2b7206b9908de3e5c55f78d3a951504d26d5349d3bbb9a468d9dee53bd45781e36380c31c561dc6a32d992ad0cb3281c320cd6a5c4bd6b2269406e2b782b2d4ea8ad351b07886e0c807f66ca57b9049fe95bb6d7913b2cc22653dc3a6d359115c71d6a61367bd534ba2339c53d9176f655dc429e0f22b30b1dd9a98b6ee49ed511237516263a2254938a943d40a33561145321b1a7269a4e2a462074a898e6810e4c1a1d41a8d1b6d481c134ee0432420af4aa4f0e0d6beddc2a2783daa1b12958c678bdaab3260d6adc47b73c550718aa4cde3212338a994e6ab6ea911f14c763aebb49193f764e7d3a1a9e1325969c5e7b58d108c79d2263f53c55bb8d59b4b96386008250371f282f1f56e5b3ec08ac8b89eef51ba924f25a4949cb48f93b7e99ef54d58c949455b7295bd89d52494b2c8c85b11230c83ee33c55d8746bdd3a4ca836d904471b63e66ec41fba0fb66aac3a45ebddbfda1a79247fbbb06e2a3dfff00ad5bd6ba0da5b68d7135c5c492466327f7d21c21ec71f5a8e46c7ce5ef0b41359dc4ff006dfdd9d8ce100391c73ffea04d5982d63d56f67923bb7627828d184da3d01dc78fe75c568fe22d42190dac52ceeaa4f97129dd91e801cd7a1691a8432948165b0b4bf9132e3605753eec0fe949dd208526de860ebd7aba2486c64b5959dd01462b807e957aefc3971ae78722b5b48de15e5e767fe27c773d80ec3ffaf55b51d1eeec6eedf52d4a4491639cb87b8ba594b0032005f4e3bd5a9fc6b1ea1a7ca122bb9a62a42ed5c201edda946577a9bfb3945b69e8721a1e9b05a6b8d0cab2ddb40d831db301bb8e9b8f03b575f6ba95eabb59dae892e9d13e5596de3f9d87fb531c9c7d2bcfb46d4af747d51ef64b4678cb9ddb8e3f335deda78be1d52ea3136a769671061fe8f103973eec6b494536539a8be6d0d179058db4d6d676eebf280c1199c8f7cb135ceb9b6b5d06e6371710ea12e6462ed9dfcff9e2bad4bb84ddc81181c8c7159f77676fa84b24c62dd2c685118b100671d7d7a63f1abe4b239e53e64ee719673205603853fa55fb199a1bf8db7fca4e3359a2c6e4de14b90238a36204719c6ef7ad9b7d224b991608fe5f42fc62a633e8617474bf67b294f98f12b363a81d2a8ea31d9c0a1e393693fc26b1750bdbbd0e608641228e0f3c1ab716b56d7d63b65859778cff0078668e649585af42d5900274c72a4f4ab9a9c56f1caf71146ab73347e56efa7ff5bf95666908c1446c77624ca9cff09a77886f5a1b64789879858a8ff67815a27eedd95157389d5e4692ed959f76cf96a89949b6109cfcae597f11cff2153ce87764f39ef55d8605739d4924ac42734da56342f3c532ae74fe0ad21f54d5978cac75e99abcf1e81a63f9840f9702b9bf854628a49ddf19cd55f89fa9b5e4bf6689b0a0f38a4d26ce49ae7a9ca66e83ff00132d5a4bae4863c67d2bd57c396c2256635e43e0bbb11cc8befcd7aabea91dad96236f9d850b722b46d52c52f12de2bdd08d0f4e4d7372bb30eb5765124f21924e58d5778b079a97a844a44b2d05f8ab0f1165e055730b66a5e86ea4863b7159f732601abf2c642d64dd03bb9a45a68a13b9606b3e446635ae220d4bf63cf6ab4cd39d23170c83a50b3e0e0d6acb6980462b2ae2d8863815684e4992adc646053d4331cd410c7b7ad5e840e29912761d1ab67a5590a40e94f8d4014e66a9399caeca92020d33b55a75079aa92b0141a4752176c1a11ce7ad46c7269bbc2d0696352171b79a95986dacb5b8c0eb527da72bd6a1a30941dc59f041aca9f826ae4f37159d29c9a68d2288493baa41902915726a4d9815a23647aedc4fa4df10fa5bd902a81c47751ac6e0838c6e0327fcf35993788f578b708340d3c9ddcba794f93f5cd79e4e66bf9da7949dcc7a838c0f41ed52dbdb48ae36dc4cb9feebd6693e85c7114ef76b53b8935cf15491b0926b7b1888c601fe407f8d739ac6b2ada70d3e7bcdc8d26e9da30017f61e955df4ef3518092495c0eaf21c0fcab06fadc46d1c6a8010092477cfff00aab449c7414aac26fbd8d47d70e1ad744b5fb3230c1607748ff53d7f0adbf0b6930dcdba4f361e49012cc46e3d78ebd2b8cb66682ea3913ef2b6457a37852e92eade42aa1595f0569c526ec6552a49e8b62f5ce9d696b7bbfec914912805a3946e1f867a568bcb673dc5bfd9caa931b600c00abc702a3d459631b9987ddc735c8ef36d72ac84fcbd33dbdaaaa49412309c9f53bcfec9b4d4ad1e35810c9d1811c1af34f12784aebc3927dafca66b666f931c953e86bbed3b524430dcc7265187207eb5bfa988754b336922ab24ebb413dbdeaec9a2a9c923ccfc3de23ff454176bb250c46eeec3d69352d62e9efdcda5cbac7b3e5da700fbd67ea7e1d9f4bf11c561e689804326e5e38cf7fca9d0c451dd5bb1200ef8cfff005eb294db89b596e599b519662a645f9ba1715a9a6deccb22c6250e09e71dab1d94e3815187922903c59471dc1ac173a7a1cae0efa1a3e2c90bc71a81dcee27dba7f5a669e9b74b80f7dbfd69f33cfa9d8b09578539fa1a3c3f319acca95ff54fc135a35704dc51aba6ca6304b838e83b62aa6a728b848941c81935b1a86a8f3d9a40f670aecfbb246304563cf14474d8248ce5828de7d4d539da3ca352499857110cd5095315ab374ace9fad423a13283a511212d536ccd588a0c638aa1b958e87c31abae949283c16e959da9ced7f772bb1ce7a5169a7dcddc9b2de17908e4ed1d07a93daba1d3bc1b7772c37963fecc29bc8fc785fd6b9aad6a74bde9cac6b87c155ad273a71bfe5f79c8692f2596aa89ced66e2bd02166927566276e2afdbfc35b87ba86516ca154e73712e7f45c7f3aee6c3c251db00d3496ff48e05fe6d935c55338c227a4afe876d5cadbb39cd27f7fe471f1c5bd38150c967233711b1fc2bd461b1b38570406fae3fa55951640e0c10fe282b1fedbc337bff005f79cffd9d05f69bf91e486ca503fd53ff00df26aa4b0329e6361f515edab15893c43083ec829cd6b091f2a4647a60568f31babc1297a325e129aead1e0d345c1e2b22ee2f6afa0a7d1ec67044d616ee3d4c63f9d799fc46b3d0344b22d696f27db41dcd1c449c2e3d0fe7f4aac363bdbd4f66a0ee4cb0bcaae99e76836b55c8f95ae587884c937110419ee79ad2b4d6d548f35411ec6bd4e46652a13dcda6b7dc338acfb9b403b56ec7243340b246e1948ea2abcd12b671529d8e6bb4ce6dadd81e054d1c2475ad4300cf4a431a8aab95ccd959530b4d61cd4b23855c0aac6614d0ac3a4fb954253835664941538354666c9cd33482b11c8f8155249b069d3371c554624d1635561ff6839a9639c93d6aa1535244a69d84d22ef327d298f1d49129a9fc9c8a7ca64dd8a691f352ece2ac2c21691c05a45290a3ef018abf6eb1a9c9c67deb5468888d97154e6b00d27ca4f07a0ab949a22da1604d0a5a98e3e59bef31ae6f54da6f06d0385c5745168d74ea5b90bef581a9db18af4a9c9200cd672937ab12d0cc807fa4a37a383fad6dd86a173a3dcbcf6cb9864fbea4554d234e7bbbdc0194552c715d07d99635311518ef427d899cac6f25f41a8244f2052bc36f35435c822f3a39adf186186c7635cf5e11a66c962538270476addf0cdc41ac3491370e07dd27a8aa93735cac4fde457b5df0c2d973b77fddec0574765a934f6040601e3e94b3e931dbc128c657a835cea5f3dbc8c02e00e29c5f2ab4816849757f37da279e500ccc4027fd919e3f5a6c504726ac840c23c6e307b37c950dd4b0dc6cda4e73963486e16396091739f3c93f4208ff000a56e88b8bd19b2fa6c6222dc1f6aad6da68b873c62a5fb43ba633c52412491312a48a5caccf5193d8b5b13b4f5ebef59da54e2c9668b67cde61c93e9d2b6a499a4e5f9aabe4c4d296c0195c1acaaa972de3b84b55a1a16f731c8aa5802bea6aa5f408eae6dc8c13dba1aac6e45a3811a653f8b3deae431f9b019e03ba3c9ca775a29b728fbe89b4ac8e6e7cab1561822a8c8326ba3d42d16eadcba0fde0e845735bbe620f04555ac74539a921d14796e6ae1bab1d3944b76ad33e3296e8704fbb1ec3f53fad509ae96d61321193d00f53590cde6b1795c966e49cd5c69f3ee6b4e3af333a94f1f6a10855b686d61894e444b182a3f3ea7dfad757e1ef8b77c2ee282fad6de48588525136b2fb8ed5e5b1c692b95539c735bda069f8bf8e5b9db1c311dd9638dc47415c98dc0e1254dba904dfe3f79e9d0a988af3504ffc8fa49efd1146e7001aaedaac22508641c8c839af399f5959d9196e938e7264148ba9c5b816b98b701c1f3338fcabe0965552def33ea639646d76cf425d5e267037704641a3fb510ae411c3ed3cd703fda68a502de424a8e3e6eb51ff006b600fdea11bf270dde93cb19a7f6744f49fed040e577f2067ad49fda38e927eb5e7035b8f7b1f3d72c38c9c5598b5c858ed170a4018fbc2a1e5f38eaae652cb91de49af3dbc4f26f25514b11f419af3ef0e789ad5f4dbbd7bc4015cde3c904681724a1fbfd3d738fa0f7ab12ea91490ba1946194a9e7d4570fa46997de28f06d969d611bfdaaca794150fe5b1c904104f1c1ebf857d0e4b4a4e32a752a38c5b5777e9693b26f6bb491e56370f1a2d38c6eecff430fc61a0d8d96cd5b44673a5dc3950aff7a17ebb4fb7a1ae623b827824d7d0ba37c269a7f07cfa5ea972566b863216277946e3073dcf15e21e2bf0aea1e0fd6e4d36fd46e5f992451f2c887a30afa6c2c9b52837749e8df55fd7dfb9e5d7e4ba71eab55d992697aac96920c92633c32e6bab49d6540e8c194f208af385761df02b7b45d4da23f6773f29e549ec7d2b69c3a9c35e9f32e65b9d44b2051cd4264dc09aa32dd6f6e4d0271b3ad6763979474a7ad5295b8a74d375aae4eeef4d1514287e2a3908229c38151c9d29dca2a4b501eb52c8715185c9a63be83953356228f9a58a3e2a755c1e2999b913c318ab41140a810102924948e283377612b0078a8b66fe4d46d264e734be6e050524cf4096449ce16a5b0b189a6058022b06cee4b47d79c56f692924c40078aa8fbcee6b356b23a464b516fe5aa82715c4eb9a0cd79a828b38c333a80c738039f5aeadd5610141cb54b0b24443300b5728f32b10d5ccfd13c250e9565b1f0d330cbb818c9ae7f52b5116a6cbfc35d4ea5afc36c84861902b8bb8d47edd70cf512715a13512b116a768b776ad128191c83ef5cce9d753e8daa24a01528d861ea2bb28c7eec7a9acfd674669a03711ae597938ee2a249ee8ce2fa1d63dd7daec84ca7e575cd72f322f98df5a8f44d59ffb31eda42498f85cfa53d4177c9ace73e6b0c85a2210ed1cf403dcd3ee2c985a3151f320debee5791fcaaec1189ae47f721fd5bffac3f9d6834419718a690f6b228a44fe5ab21c823229cb21538615258230b0b7ddd446a0e7d7152ba8ef549b4164200aebd69a6dbe52734d2d83c52f98fd287325e850b888838aad6f733d8dc89226206795ec45694c85866b3e54f988ef594a6352362fe07bbb31a869c30dff002d621deb8699b33bfd6ba8d2b527d3ae802dfba63f303d2a3f12e8a2393fb42d406b797938ec6a94ae690b26727730497461890e32f966c6428f5a962d2001b4249201d0b10b9fc3ff00af5344ae1f8cd6c5b42cc06686e5b267653c4aa31d229bf3ff00228c1a35f1c18208a31ec403564681ab3724231ffae95d059a600cd6bc68bb739acfd9a7b9aacef130f8525f23866d17568fadb83f4907f8d34c1a842d97b771f420ff005aece7233c1ac8be638e2a5d08b3aa9f11e2d6e97e3fe6627da654037472023da93fb4d9739561ce7a53a4625b06a36e2b3785833ba1c4b5bed41132eaaa08ebc67152aeb704111777015464e6b2a67eb558430cec0491861e86a7ea507b9a4b886528bb46cc74fe2ed5efee96df4f77815d8222c5f7d89e073d73f4afa63c07e1c9b41f08595addb7997ae0cd3b1e7e7639233df1d33ed5e19e17b8d0747bf4bbbeb4dc6160c82340589fc6bd0aebe394314652c3452c40c069a6c01f801fd6ba5e1d72f2538d91e34f133aaf9e4eecf618d481cd7967c78b5b0b8f0b59cb34b12de4371fba5246e75230c07fe3a7f0ae0755f8bde2ad4e3658aea3b243dada3da7fefa393fad70b7b7973a84ed3de5ccb3ca7abc8e589fc4d7552a2e08c5b321c6d240cd2c6ceae0838c1eb56982838c540fc1c81c56ad0ae7408c27b757f5150994af14fd2879963f4634cb85dae6b9de8ec60f7b113c849a556a8806635288dbd2930b0fdd4c6f9852156149d3ad244c90c787348b062a707356638c30aa22f62ac608a9d179153790334a502d1722f7240a36d579573d2a5c92b5241693ddc8238226773e83a7d695cb8c6fa18f26e56c569e91e1fbfd5cee89047003869a4e147d3d4fd2ba6d3fc316115baddde5c25c4fbbfe3dd41dabf53dfe82badb4b69fc88a521628906554a8ce3d97a0fc735854c428ad0f4f0f82e6d6679658df018e6bb5d12f55633f301ef5e56b3343275e2b6ed354754015f02ba13e538a4ae7a45c6b16b68858b02deb5cdde789649598479e7bd604d74d20cb313f5aade70cd29546f621c6c5e9ee659c9323135124c62706a157c83514ac700d63a8bc8eaec6759c000d69cf770dbdb90483918c7ad7156176d13706aebccd2fcced935afb4b231e4b323b78c24d330180cd902ae890ae028cbb70bfe3f4acff3c2b7a9f4ab56732bb339fbd92bf400d648ab7535ed57cb408b93ea4f73eb5a71264551b4556c1cd6bc681533569912640d1e05559455a9a5ed546493269dc488c819a5ca8150b480546d2e6a58da2766056aa489ce69cb28e94f2035632048a12459ed5612f655b092cdfe68d87cb9ed52941509401b34e2696d0ab0da2a8c9157a25c76a38c52861d2b740f52e40d8356fcec0eb5422a90b83de82796e3e69f038359d3b16cd589066a09576ad0349232a65c1aace702adc885da836eab1b3b9c281927da91a5d232195a47da3b9eb56162484000e5bd69b049e602c54042770f61da9656eb8e95db4e9a8abbdcd511caed9ed50b312385352b02475a6ae49ad2d72ae567439ce08a8f24f5cd5f083b8a49204dbc739a3945732de5c0c9155daebe7208ebea2adcf6b20192808ec734dd36d526bd29380c11770c7ae456737caae526ac6de96a61b004ff0017cc29b37cec6ac336170071e950ec24e6b8ef777325bdc48a204f4ab421c8e052451e6b4a08810322a8893b19af6bc74aa73c5815d04f1855ac8b9e334d10a4d99e9c360d5e89b02b3a4936354f6f2b4aea88a598f4039cd0cbe4b9a4a462a0757965091a966638000c935bfa7f879e54125f4c604ed1aaef73f8741f8fe55d059e9905ac3be002d57fe7abf3237e358caac626d4b05393bbd118167e1e585164d4e658b246db7460646fafa7f3adb3a7ca96f1c51c02ce066f9b8f9ffcfd6ab4d7fa7e97279c8cd3cc4f43ce3d326b06f3c5775299111b7e7206e39082b0729cde87a50a54e8abb3a179ecf452f2865793014190eecfaff91f9d73facf8a6e2f36e2425d780c38503d8560cb33cafbe672efea6a27208ad6342eef231ab8db694d152e2db926a388b46715b93dbf1d2b365876f6ad9b38a5101296e28cf35083b69d1e5dea198ca5634add378c52dc43b56acd845525ea610d0919a9ea60f9a637eb5722b92c0026b3ee410f52d97cce050d6868f634ca12858f40324d25a89123538393f37e7cd692da892d923c732b04fc3bfe80d688b051fc3509d911cda0dd3a761806b7e39372565c56a14702ae4476f14d1934138aa12f1d2afcc73558c7bcd5a43899b2139a81d8d6c7d85a4ced00d55bad36644ddb38f5cd32ae8ce57f9aa7129155c2956c1a7838ace48a2c87cd3246c0cd4664c5432cbf29e6924172459f3c135346cb9eb59266c1a96294d6c86d1b06e15062abbdd3039c7155d49639353a804608a180e5bbc8a6991a43ed4cf2f9a95405a8258ab077c552d511da0f293a70d21f41d87e26b4d5c605675c0df3b4ca5b691c9ed81d31f99adf0f0e695df42a0aecc5b7568e22a473d3069c4163df8ab79197623e99a732855dbb79c727debb6c74943611d734f083aa8e2a46e0e71d29ac37670c0502b02b01918a8a490853d383cd46d22f2067eb55652e9f363701d46693905875c5c8036e73938a86ca62da8a955fbc306ab4cc70cb8e41e0e6b5f46b3daa677e59b007d2b0a92d0a7a23536f148a993561133c53fcac1ae431e61b126dabb1c8aa3ad5623038a8487dc000493d00a498f92e5ab89d4af5acb68e5b997ca86379243d15064d6dda683777a4197f731fb8cb1fa0aeb746d274fd383092516e07de66e647fc7b7d289555146f4709293bbd11e7b6fe13beb9973723ecf18e48fbcc7f01fd6bacd3348b4d3a3fdd45e582003339f98fe3fd062b5af6ead6da07307ef1f82252d8007d7fa7b571ba8f88fed1232972c08c12a36afe1eb583ad29e91477c28c69abb3a5bfd72cacf7adbab3b6076c0ae4f50f105e5d4be5dbef3fecf61fe7deb3c33dd4a59e4609e80f27ea6b42148e38c045007b55c287591cd5f1ca1a435331a0b898e679189f4069a6011ae00c56b95522aa4e9e95d2a296c79cebce6fde6673c78a695f96ae3c4ccbc29aafe4ca4fddc532d6a69b6196b3ee13ad5cc93800124f402ac2e8f73375d8a4ff0009393fa5459bd8de52496a7392260d4d6b0e58135b173e1ad46289a7f243c280b33a9e001f5e6abdbc2011c567adecce2a8fb17ad1362838a4bc0196a78f0a84d52b8972715a2338a316e222d21a75ac4cb2038aba50336715621886471499b37634ec78bb40fc848f2a7b1dc7a8fcbf5add55565e2b0610a8410067d6afc575b31cd4d89df62fe368351e79a6aca64a902134ac26831baa7300897a86723803a0aa52c9fbcf2631b9f3f363b5694717971ee246ec77ed5b45595d9949f44416d0adb079092656fbd9e78a86f67695029e147a54921db9e6a35b2b9bafb8bc1ee693d761c518175853c555590b1c0ea6ba99fc2f24b11267556f7e959d6ba04e97de5abc721073bd4fddfad438b364e36163d16530a34ac51e41955c5656a965369f37972f20f423bd76e6e6dad107daaea36907706b8cd7b528efee7f759f2d7b9ef4f96c4527394b5d8c52d86abb00c81549b93566090a533a1a34940029c5c28aaa2e38a699b268172b2d2bee6c54f85c5672b107356165c8eb52c9712d01b89192001924553bc988c8e0a81d31d2ac0602ddc938cfa564dc3911e4b6726bbe847961ea54222c677b12fd1074f7a90648ce79355a03bd1d81fa7b9a9e4263c715aa35644e31d6a0908c7b52c8ff00c4c6aac9293f4a96c12185bae7b7ad56b963f2a773c9c53e4218735598bac99473b8f5c8cd43290d8adde6995719666daa3debac5856de358d7a28c557d0b4dfdcfdb1c12c72109fd4d5a92de579b0aa58f6005704eb2954e55d0c653e69f2a26888c7352ae5d82aa9663d001d6b5f4cf0bcd322cd7b28b78c8c85c6598575fa5e8b650b85b58db70e0b75639ff3ec2b1a95a28eba7829cb59688e360d1267e67fddf19dbdff001f4fe7ed5d25868d0c51064842a32f32b6338fa9f7fa55dd6354d2b438c349e5dc4f9276060c547b81d0571b7de2ebad419e1b657c1fb90c6b9247bfa563ed273f851d70a34e9ab9d1dcea369a64a516e0091b219b3854f6cf5fcab8bd77c61197f2a275902f49157907d39eb552e34ad46e0196fa7651d444a73f99ae6eeac596629121c56d4e8abde4c53c4ada08b171aecf711ed2cc4fa9f4aab1caf23e58927deacda68b24ac3cc381e82b663d2218573815d29463b1cd2e7a9b94ed771c706b5a082471e94c8c410d48daac508c2e3343998bc35f72e2598032e6993450c63b5654fad48df778aa32dfcd28c6ea576c6a9538ee6b49750c6a47159b36a50a93f30ac6ba331e4b1c7d6b364c83c9ab8c4d14a1d0f50d2ad1515653cc8e38f615d04115b59c26e2ed95563cb1661d056a8b1b5850130c7ed803b541a869369aa5a8866f33629cfc8f8e7fad6ca365a1e7bf7a57670badeb8fab5e7ee99d2d57854ce33ee4553871915b37fe0f9205696ca6de806764bc1fcfa5334fb38ada037172cabb792cdd07d3d6b0f66dbbb14acf6196f6725cbaa9f914f734975e1d9431d9303f5144fe20412edb300aafde623934973e2976c7976ea0ff00b4c4d5ae4b0927d0a32699756c373a657d579a44e2ad41aedc5c388fc9562dc616a7934b9ce65f2fcbcf3b09a869741b76f88ac8c714f562cf8a30b10f9ce31c559b51199012091f9545d096e69da5949b0331001ab970d15922ef70cedc2a8f5a485cbf4f957d054324027d43739c220c0feb5564436ee3acacbc943281b9d8e49ee29f2c983c9ab12c716c0cbc11d0838acd97333f9609e78269390243e2962924cb9f9455abcd45eced449047c1e8d582e25126147caa78e69976f3dc22a3c9b1011c03473e9a035d844bbbbd4aecac972e231cb60e38ab7757371f66fb2e996f2e1b867553cfe35423786cd242b26e7618e956e0f15de5a42228954fb9152a7734516ddd194fa3ea6397b697269ada16a38ddf66723dab72d7c5d77f691f692a62279c0e95d441a9d94e10a4ea0b7404d5248a9d5a90dd1e5b25acf093be175c7aad479af48d6ee458c6677b659a2fe2e39ae62ed74ed6833592886755cec3c6695edb8e159c95dad0e7c13eb5203eb50e4a39561820e08a76fe291d25a539e29f9c0aacaf8ab301124c8bea685abb11616edcac6b1a38c9183591727616dad9da319357ad34dbfd4b58874e478da69e511c7b49e4935eb30fc15b5b5f0e5d1d42f81bb08cfe629c2a6003dfe87f3af43992d0a51691e416e42c11a019763b8d3ee64dbdc1aad190b2e33c67191e94cb96c31e72bda9dc6d11c9213c939aab24871c74a24939eb55de4a96c056720139ab7a5da7daefa289dd5031f9998e02a8e4fe954d109f98d68e996ef3de2ec4ddb4feb595495a2d9518393b23ba81eda465b7b51b954606d1c015d0e9da588033b8456ee7a915816862d2d14decaecd9cac109e4fd4d4577a9df6a531b7d3d0edc63cb8ba2ffbcdd07e75e2fb24b489dd46852c34799efdd9d3ea3e21d374d84abb199dbef2a9e73db713f8f4ae4eebc67acea9706db4d8184780a12250303dce3fc2ad5b786140f375490c87fe78c4485fc5ba9fc315a8362c22ded214863feea2e28e6a70dd5d9c75f338a76a7a9cc45a1cc5b7dfdc1058e4c51b64e7ddbfcfd6ba7d26d20863d90c0a83d00fe7eb4e1a708937b3649eb9aab36af158654119ad6351cb532a51a959f35465bd4a1896325873e95cadcc70a92c719ab37ba95c5da975181ea6b9e99e5925db2b1add3b2bb3aa72845173edb121f94fe555e7d46497e5518150f908071d6956d8f51571927ab39658bec33e76e598d412706a599fc9e0d67cd720f7ad92467cf29131606954e2a88b8e6a532fcbd69834c6ddc99181596fd6aecad9aa6fd6a91a53d0f545d52ef509607b3d41f6001593cadac5bb92318aea6dae36c2566914bff7038ddf966bcfae24bfd110c318081c63cf4e770f63dbf9d62f933cee5d51d8f567e78f726a39d2447b172777a23d3678aeafae4db42b2f9439949e063b0acaf12e946e638a3b7593cc5f95a327823d4570925dcc1d424ae15001c31c1f7ad1b69f5678fcdb7328427fe59f0b9fa0a4e4da3394231d892cf4b9dd8c1105df9f9b730157cf847517ced92024760d4ba7cdabe8d6d24df668cc43e67120e4d5e5f19daca8cb2da4b0b918dc8c1867e9c538a56d4cd73743206817f6adbda58d31dc3f4a8526beb7bf1ba470806061b39ab51462fe492599de6895bf864da3a67b8f6ab67ec6e620811420236c4371fc5aa24d2d8a71969cc2c5099584b20cb7a55e4b73b86064d36070061630beec726b4e0b978d71f274c1c2e2b3bb0b5b61d6f13a919523eb48be62dd9230aaab8c114924aaf9dcee9f8f155248988c6efc4d68a325a995d3dcbecef761a46c2c318c1c11593713dc392b6eb185f55604fe74b15aea514be6dbafcbd0e79523dead378721b822e416824619648cf00fb5425272d46ecba98e90dcc92ed90b7d739ad26d2a25b5f324639c702a9c32dd69fa9a5b5e03e5b1c2b91d6adeafa942fb6081c1287915aa4852bab187771342d86aa7915ace45d2e0f07d0d50b9b7f253783c6718a4e3d51a52a8af62b9a6f98f1b06462181e08a6b3f151eedc6a4eb359b5fba9ad9adee5b7a32e2b152578a5df1b1561d08a91816381d6af596922720c8c71e829dae2518c76294f20982ca7873c363bd351598f009aebadf42b6007eec7e356bfb2a21d10003daa65eead48735147211db3bb000726aec902d95b999baaf7adf6b08e2f980c1ac8f120c68d3f9670f8e3fcfd335952ab7a892254f99a48dbf833a7cbac78e1b5168f3058a33ee3d3730dabf8f24fe15ee7e2cd3ee354f09ea9636a717135b3ac7ce3271d3f1e9f8d727f063445d23c036f3b2e27be6f3dcf7c7451f97f3af4435dd7bea751f1690f6f78d0dc831323157561c823b62a3b99d0b48ab900b640f4afa7bc51f0c343f12dd9bb913c8b8639778c6377b9af34f897f0df47f0e787a196c449f6869006767c92288d56f4681c5743c74bef70abcb1e80501369cb76ed565216b3dc140538c12475aace4b3555c396c5cb381aeae22854e1a6758d7f138adcb5692ce43650c189d4957fef120f3f4e6aae97a0cf72629e6631c6a77281f7b3d8fb57416fa7bcfaa4b7d3204902ed2a23c027fbc0f7cfe75c18ac4d2b357d511f598d24dad5962db4959dc497b2161de3463cfd5bbfe18aeb34f48628552189110740a302b0e18a4ec09c55a17b25a26021cd4515cf1bb38255a759de6cd1bd63822a3b483602ef556dde599bcd98fd051a9ead1dadb9008ce294e11b9d187c3733e663356d4d635f290fcc6b0a2d38dec9ba4cf358d3ea0f35cefce79ad8b4d72044099dadef5718d8e9a952cf9626a7f6498e1da083815cbead04904be66ccae7a8ed5d5d8de8bdb81186f971eb506b514296f229c722a9bbe84429df5672f6704927cf8183eb5a2d0f94b92474aada7cc026dc8a35298a2120f6acab453d1331a94a28c3d5a6049c5631726a6b995a594e6a0c576538f2c6c6908d900ce734f0dc530d1565dae2b35427934f209a72c7934f60d8efbc2f2cd3ea3fd9dbf7c33a3fc8e032860a48383ee29da6deea42fa249eee45c9daa8080bcf6db8c551f0edc11aec1246c0160e0103a12a456735ccd148acae415607f1158752a4e4e368e877d2f8774cb83e6cf6f179bd58a0d80fe038aac2de2b20d6f6b122c44eefbe49153d86b36fa9db295e2403e74ee0d67eacef6cbbd0f3b860d6f68db43865293767b967589d63d17732ef67f976f4ae6ac23827b910bdaa2b38211b79386ed9adcb5be13aed7e09fef74ab3069f6e6e8dc794131dd7eef1512f7b61c65c8b5465e97143753c96f3e6297952a4f1e9c569cba0b5a7287728f5aa1ac46af7b0dd423689df271d98673fcab7ecefa4b8b5115c2b0751f2bfad4c145e8136d256664afca70383528988a9ae6c9e562c8bb5bf4359f224f036d91091ea294a9db6279efb965e590baedc15ee0d38b4899dbf321ed55a397919fd6afc2432e3f4a9536899245eb29254b5c63319eb5a914aa96fbbb015840cd1011c673113920f6a5d46e9dadfcb076fd2af9d5ae63ab6429345a84f3c5202d87cafb7d2a79b45b2b481aee48f79ea726b9e8ee64b1b91321e7b8f5ad6d635c8a5b08a365cc728f9b1daa74dcd6d2bd96c3ecf59d166c23c6b1b74f9aae4d69a6df2154dadfee9ae26db4eb5babc119b83b58f014735d343e0e9e03e65adf1873d01ce7f1ab8cae872a715b3b105f783d96dc5cc32e2363c035cd5c595c58cbb678cae7a1f5aedb519b5382dad74e59e22e8724b71bea0b987edd188aee32b2a8c60ff4ace335b3dc71ad286fa9c7230df9ad8b3bc48b19200acdd42c5ec26c1e50f435583e6a8eb8b5357475675f8106012c7daa68f5c0ebc21ae34b62ac4572505635a3292b222a53bad0ec12ed5d7739ebd05647891a35d3564ce143e580efc1aa96535cde4eb04113c8e7a05ff3c559f1558793a0f952dc037264525106428f73ebd2b3a34d5392ee3a3879df992d0fa0fc0f84f05e8c83f86ca2cfd768ae819be5e2bc37c0ff0017b47d37c3163a75f9b83790a7964951b4283f29ce7d31f9575c7e2ff85908125f67824ec4661f4e0577a8cad6376f53d0b7f3cd7957c6ebb8e2d174f88b032bcf90b9edb4fe9d29d7ff001ab41857fd06deeee1cf4dc0201f9d78cf8ebc637be2cd6e29ee11638e28f6c7121c81939e4faff8528c24b5634d5f430ef4306c96ce7f5ffeb55bd274c12b2dcdc0fdd8e554ff0011ff000a6db5933b89aeba75087bd6b799c01dbd2a2a4eeb96267524de88dbb29413b456cc30b328cf02b9cd364c3826ba25b81b3835e64b09cd33cf9c1dec6a59c29b79a7cb6b191b98715936b33b4d957381536a1a8f950919c9aed5ee2e5474e1b0fcccada85e25b46429c7a5725773c971212c73535e4d2cee589355541240dbcd4292e63a6bd6505cb12a4b1ed076f5aa9b5dce2b77fb3de45ce29f1694c392a735b39ab1cd19f563b4a536c808273f5a835dbe924531292588ab86dda25c0359d711159416ef5117766fed55ac45a45848e033126b4b51b16316d8c76abda32ae09c0c56ca5b24cff32d733a729d6bf4386726e573cc9b46b92c588e3e9511d35d7a93f957adbe8f098f3b4561df6930ae702bd072b1afb73ce65b4641d6a0119cf35d16a36c62638e9588ff007a88cae6d0a9cc862c756228875a6ad4c1805aa149b3a0d2f4bbe8e48eee184610ee018e09aa7aad9cd6b724c89b55fe653dbffd75bf65746e4f9c6792253f2aa76502ac6a511b98fca9079b191bb72f51ee2a795357142b24ecf6391b39a6b7984b0b1523a915d13dfc57d6286475f31186e1ea2b19a20926ddbb547415a56d12819a8e67133a924f52c3aa328da5b6f60aa6b4ad67786dc5b924275c62ab69771f6993e5b77f2436379e86b7fec514afbf6fd335716dea6126ae509d165d2e490ee531cab8c0e79e2b32d229da711aca7613fc44f15b52ddc11dcada165549708f9ec7f87f5acab8b4bc5b9c44ea0a139056a14acda6536ec8de4b7f22d583cf96c70735cdc5addd4374d05dc0ae80e04ab562599910798e4b7f3acbb8b79096923420f707bd3f6a9e9620dc1736578ac8ec236038cd057c950caeaea7d2b2ac63b0b94f2ee14aca3be706b66d7487311292178c1c7bd396a09a5a308ee47ad45712020d3ae6dd211852d9f7acc9e629907ad67cba951b3d8ad724126b3a7248dbce074ab12cb935029dd28e2ab63a611ee5ad06278f52497613b4e6bd2964c286e4a37e95c8e908b1b0622bab86688a85e306a9333af14f51b79a136bca90443132fcd1c99e86b37c576f716be1cb7bc7c2de5b3f9530addb1d5e3d22f3cd90968d3a1ae77e21ebd05e79b1db3ab2dca86c2f622a2a45b92d08846328aef739f5ba8b57d39d0a9695467deb9e4898b1503a7ad4da58bab7b95923073fddfef7b577116876775189ef15ad988c955c67ff00ad59ca7ecf7d8e9a54a6a568aba7f81c6c1a6cb7122a46acec7a0515bd67e1341992fe5644033e5a1196fc6b66daf20d3e078a148d39e36286638f5cf5fc6b1b53d5a695ddc61037ab7dd1fa566eaca4ed13d6861a10d67a9a8faada69b686dec2de3b64070c79cb7b93d4d70fafeab3cb6d30f97cb6ca8278273e9eb51dc6a524b2848019a45e03b1c803d81e0562eac92c4d199a60f23fcc4039c7e3deb5a34bdebb156acadca8a91616366ef522be40a8a3c79669548dc2bd13cfea69212700f4aded12c2d6706e65837cc38566e4607a0ae710f6aed7c381574c05bfbc7159d7f86c4a5733b51b498dc12ab8079cd321b36c0dec6b76f648f1938ac892fa2438ce7e95ca95958396da17ed2d91003ce7eb5a90c22521474ae717541fc209ae8f4891f6798ebc9f5a4f41469f33b1a4f1476906460573b752c97329c74f4ab9ad6a4146ccd63c17218ee07351ab3ae5fbb8d90d75643b594e6ac5adb28396eb53c31191f73f5a9e655893359f2d9dcf3e54eef9993c28a3a91564f96abdab0e39662f90d53c934a232081f8529d448c24da23be9554fca466b16edde4da334fba79324906a8bce43a9cf4a51937a8e3776674fa426c846e19e2b43ed822900dc40ae660d6521888dd838e955bfb655e5c96fceb749b7709424d9deff69218f1bff3acfb9b98e5520115cc8d5d7180c29c35253dc52a89b339425d85d421dd923a57397318573918add9af5197ad62de481b24734518b4694549329ef0b4d33d40ec73511635d891d8a173d1d0dbd95a379efb1c26547727d29fa35ffda227f30a845e08cf22b175d75378a39deab8604f4aad64f2c726e8f9cf51eb5327676466a92e4b9d26a167145ce7cc594f29e9ee2aa2c05213097664c8e40e76fa55d82679630ae9d31863576dad8487e671f80a4e09ea73397464fa4dc440828bf22fca548c62b6af6ea1b4b06936ee6db9503b9ec2b04db4969fbe88e57b8355a79b50bd689155638c38393ea39fe951671bae8468d934568f708e25e2790633e87d7f3031ec056b5a112c1e5ae49c0cb0ea78ac90f35bc8eec0b144272075352585dcd6505ab039568d739ea38ace0aeee5ce57dc9eff004878f12ab6fee01e0d56161752c6d2ac6481d6b52fa5f3a15776ef4db6124719425b07906b474ecf426d65a186fa5c939ddb4ab0e8dd0d6c698faada47e598639933c3038356da31756cc390e3d2b349b9b53c962bea285a3b11f175342ee58a75c4d6cf1b7ad61dd590b8907cd81d01f5ad11752ca40df9ed8352f91203bb61069b425cd17748c63e1a775c8cd40ba0c90be4e4d7716373108c24e407fe74e9cdb480e3069e86fed1d8e482496c9f2f3510d4a757e878ad9b8857790a4734f4d221f2fcc9582fb527b151529be5432da54bbb5264eac318ace1a11ba9b6b3aa44a7ef1fe55a067b281fcb8c163ea3a0accb9d5da194f94ffc580075ae7a95b4b4773ae8e0270a91954d8bdb2c74a5290200e07cd249c93fe15967519e757110dd8ff968ff0077f01dff00cf5acebabb2c44d34b9c76278c7a7b9ad3d1fc397dad3096766b4b3eb9e92b8f61fc23dcf359c60e47ab3ab0a6bb2326e7528acc18c335cdd939c28e01ff003ebf9566cb15dea0e24ba6d8bda34af479bc33a758db98eda055f563cb37d4d7393d8ac6e40ed5b28289c8ebba9b6860a5b2c49b51028f6ae5b5797ccd4641d93e51f857a0bdaf1d2bceb5252352ba046089587eb5b51d599b8d88d1bf7657d4d38361863a53635cc64fbd345749162f42fcfd2bac8a76b3b08114fcccbbb8f7e6b8eb66cc9802ba61203147b8f4402b3abaa25e82ca66b8396738f4a8fece07ad588e55c63b54c812470beb5cf713698fd2b4d3713063f74574d2edb4b7e3b0e2a1d3fcb822e30302a8ea57866621738159395d9d74a2a0aecc8be7334a4b1cd578936302a714e9a40a7e61512979381c0ad2fca8e6ab53a9b36f79b1402c3f1a9fce13119e959f6d6d9233cd6b430003a579f5ab34f43cca95e4f61f0c4879a7cc8810f4a7ed0abd2b32fa6d80e0915cf09b9322351df529df328c818ac795d7047151ea17af93f35651bb91b8af56952d0f42924e23e773b8e0d57dc477a5249a6d74a5637b0e12b0a70b923b9a88d467ad572a62e44cb82edbfbd4d79b7554a70cd1ca90b91215b934c22a4c518aa0b9d5eb51fda358b978f0497c94ee3f0ef4fd1ede49ee56344cfa9f4a5784eb3afcef08223690907a102bb482d22b2b4240f9c0e49ea6b3516ddccea4f9558d13a5d9c1a6c6649074e40ea4d62ded83ad8b2c52f96f21c6efee8abf68176196e64e1465413d2a2bab6bad4d19a1c24257ef377aadb7391fbeee910e996260b530bcef3c58e5dcf5355998dbcd22c970044846c0de953dbc92dbdba42ecbb5460b66a9dd456d36a36cf7128f241fde8f55a99b8b45dd741b7b3dd0b2923488317fba413d2b36df540c8b672878dd471e67f8d6fdb4d0ead7cc206f2e2076a67fbb5a3e24f07c71c31b150f1c8bf2cabd8d4c616339754733717d24d6c14374e38a8edb51d4acd449148cd1f421864552801b0bc6b6ba6c246321bb915245ad5adcc8d1c2c51c1e01e037d2b4bb43826741a5f8883dd7ef90459ebe86ac8be134ef22e1e227047a5732b189892ca5493d454d1c175687cc809607a8cd468c9953bbd0e87608a6591465339e2baeb16b792d41001c8ae2ac2ecb2912211ea3d0d741a5bac8a61524498e013d69c5bd854e5676656d663452644e180c715816b7b279e549279f5adbd52378c9591d57ea6b064b8b2b62ab139691befc8c385fa0aca73699d9470d3a8f6b2361e58e31e648ea08e8b9e4d51b8bd92562d2b18a0e98ee7fc2a8cfa85a5b4ccf148b318db89083b48f500ff5ac49efae35098471a972c70a88393f8573b94a6f43d7a54a9d08e9b976f75232b6c8caac58c0e3229347d2750d6651f628498d4fcf3cbf707e3dcfb0abf63e119540b8d4981ee2dd4ffe847fa0aeaadf57fb2c4b6e2348e3518555180056f0a165a9c75f1d6d20642f86edf4d612499b89c7fcb461c2ff00ba3a0ab11ddcd6edf231c7a53b50d543a9ac45d494be09ad1d96879f2539fbcddcdd975495d70466b324dcefba9f14a920e0f34fdb49c6e3a75e507a958a0fe2ae0bc47a54f0dfcf7291b34321de5979c57a0ccbf29c562ddcc5491529b83b9d8aac66b43cf118aab023a8e293690a49aed4e0e580009ea715526da4925413d3a568abb7d09e730ec6d646058a9192304fa56cb7caa3da901c8e0600a7840dd6b39d6bee673a9a8e8496e3b56a59dab31df8e2a0b1b4334800e16ba78e18ada0e71c0ac5cefb1a51839bb996f2b4636d4f04024193542faea33212b4b6faa051b734e164f53a312f961a097d64bb8902ab430e0e08abef3097934d455ddd45635ea763c59d46c9edd0002afc6bc5411203cd4e5b62f5af3652bb30b8d9dc2a9ae73529b83835a57b70c01ae66fe72c4d76e1a8dddcde8c14999374ccce7d2ab8e0d5a3cd46ca3ad7aab4563d38ab68444f3494add6918d5142134c3cd29a4eb4d00014e14e542694a628b92d8da334878a6e68158f42f0dffc7fcbfef9aeaeeffd4b7d28a29c76392a7c4ccf9bfd50fa56c49ff2098be9451513d8ca3f0b39a9fef9fad53baff8f49ffdc345158b2fa217c3dd21ff00ae83f9d7accdff0022e0ff00768a2b68eec478df8bbfe4291ffb86b91ff9795ff7a8a282a97c276f69fea57e82b5d3ee0a28a4b7256e3bb9fa56ae8fff0021187eb45143f88c65f1997e25ff0090edc7d4d730fd2e3fcf7a28ae69753e9a1b22a5ff00dd5fa0ad4f077fc85a6ff70ff3a28aaa3ba30c57c0cee64fb959377d68a2bad9e2b336ebee1fa56237facfc68a2b196e7451d8d6b1ed5b0bd051451130a8325fb87e95cdea5feb451454ccd28154fddaad275a28a4b63617f86907dea28ae796e64f737747fba2b4afff00e3dcfd28a2944f4b0ff09ca5d7de351c1feb28a2afa1cf8bd8d55fb94f8fad14571d43c8669c1f7453e5e868a2b8fed199937bd0fd2b9cbcff00594515ec61b63af0fb941fad44d4515d67a11216fbd48d451548b194e5eb4514c4c9d287a28a933640dd699451548a3fffd9, 1, '2026-05-01 02:50:38'),
(4, 'Enrique', 'Sarmiento', 'enrique@proyuts.com', '$2a$10$.wX7ae5/F7FVyC9Nu.9jZ.864DHjMb6OmR2pPIzVvhVDKDlurpXy2', '3154276852', 'Docente', 'Docente', NULL, 1, '2026-05-01 04:19:13'),
(5, 'Sara', 'Tapias', 'sara@proyuts.com', '$2a$10$K3mkOwL5AKc2NQ/LeYdtxO2l3n8G8wWDfSicr2nreXPESLbAWy3vG', '3136549257', 'Docente', 'Docente', NULL, 1, '2026-05-01 04:31:52');

-- --------------------------------------------------------

--
-- Estructura de tabla para la tabla `usuario_roles`
--

CREATE TABLE `usuario_roles` (
  `usuario_id` bigint(20) NOT NULL,
  `rol_id` bigint(20) NOT NULL
) ENGINE=InnoDB DEFAULT CHARSET=utf8mb4 COLLATE=utf8mb4_general_ci;

--
-- Volcado de datos para la tabla `usuario_roles`
--

INSERT INTO `usuario_roles` (`usuario_id`, `rol_id`) VALUES
(1, 1),
(2, 3),
(3, 3),
(4, 2),
(5, 2);

--
-- Índices para tablas volcadas
--

--
-- Indices de la tabla `categorias`
--
ALTER TABLE `categorias`
  ADD PRIMARY KEY (`id`),
  ADD UNIQUE KEY `nombre` (`nombre`);

--
-- Indices de la tabla `cursos`
--
ALTER TABLE `cursos`
  ADD PRIMARY KEY (`id`),
  ADD KEY `fk_cursos_categoria` (`categoria_id`),
  ADD KEY `fk_cursos_estado` (`estado_id`),
  ADD KEY `fk_cursos_profesor` (`profesor_id`);

--
-- Indices de la tabla `curso_profesores`
--
ALTER TABLE `curso_profesores`
  ADD PRIMARY KEY (`curso_id`,`profesor_id`),
  ADD KEY `fk_curso_profesores_profesor` (`profesor_id`);

--
-- Indices de la tabla `estados_curso`
--
ALTER TABLE `estados_curso`
  ADD PRIMARY KEY (`id`),
  ADD UNIQUE KEY `nombre` (`nombre`);

--
-- Indices de la tabla `historial_proyuts`
--
ALTER TABLE `historial_proyuts`
  ADD PRIMARY KEY (`id`),
  ADD KEY `fk_historial_usuario` (`usuario_id`);

--
-- Indices de la tabla `inscripciones`
--
ALTER TABLE `inscripciones`
  ADD PRIMARY KEY (`id`),
  ADD UNIQUE KEY `uk_usuario_curso` (`usuario_id`,`curso_id`),
  ADD KEY `fk_inscripciones_curso` (`curso_id`);

--
-- Indices de la tabla `proyuts`
--
ALTER TABLE `proyuts`
  ADD PRIMARY KEY (`id`),
  ADD KEY `fk_proyuts_usuario` (`usuario_id`),
  ADD KEY `fk_proyuts_curso` (`curso_id`);

--
-- Indices de la tabla `roles`
--
ALTER TABLE `roles`
  ADD PRIMARY KEY (`id`),
  ADD UNIQUE KEY `nombre` (`nombre`);

--
-- Indices de la tabla `usuarios`
--
ALTER TABLE `usuarios`
  ADD PRIMARY KEY (`id`),
  ADD UNIQUE KEY `email` (`email`);

--
-- Indices de la tabla `usuario_roles`
--
ALTER TABLE `usuario_roles`
  ADD PRIMARY KEY (`usuario_id`,`rol_id`),
  ADD KEY `fk_usuario_roles_rol` (`rol_id`);

--
-- AUTO_INCREMENT de las tablas volcadas
--

--
-- AUTO_INCREMENT de la tabla `categorias`
--
ALTER TABLE `categorias`
  MODIFY `id` bigint(20) NOT NULL AUTO_INCREMENT, AUTO_INCREMENT=10;

--
-- AUTO_INCREMENT de la tabla `cursos`
--
ALTER TABLE `cursos`
  MODIFY `id` bigint(20) NOT NULL AUTO_INCREMENT, AUTO_INCREMENT=10;

--
-- AUTO_INCREMENT de la tabla `estados_curso`
--
ALTER TABLE `estados_curso`
  MODIFY `id` bigint(20) NOT NULL AUTO_INCREMENT, AUTO_INCREMENT=6;

--
-- AUTO_INCREMENT de la tabla `historial_proyuts`
--
ALTER TABLE `historial_proyuts`
  MODIFY `id` bigint(20) NOT NULL AUTO_INCREMENT;

--
-- AUTO_INCREMENT de la tabla `inscripciones`
--
ALTER TABLE `inscripciones`
  MODIFY `id` bigint(20) NOT NULL AUTO_INCREMENT, AUTO_INCREMENT=14;

--
-- AUTO_INCREMENT de la tabla `proyuts`
--
ALTER TABLE `proyuts`
  MODIFY `id` bigint(20) NOT NULL AUTO_INCREMENT;

--
-- AUTO_INCREMENT de la tabla `roles`
--
ALTER TABLE `roles`
  MODIFY `id` bigint(20) NOT NULL AUTO_INCREMENT, AUTO_INCREMENT=4;

--
-- AUTO_INCREMENT de la tabla `usuarios`
--
ALTER TABLE `usuarios`
  MODIFY `id` bigint(20) NOT NULL AUTO_INCREMENT, AUTO_INCREMENT=6;

--
-- Restricciones para tablas volcadas
--

--
-- Filtros para la tabla `cursos`
--
ALTER TABLE `cursos`
  ADD CONSTRAINT `fk_cursos_categoria` FOREIGN KEY (`categoria_id`) REFERENCES `categorias` (`id`) ON UPDATE CASCADE,
  ADD CONSTRAINT `fk_cursos_estado` FOREIGN KEY (`estado_id`) REFERENCES `estados_curso` (`id`) ON UPDATE CASCADE,
  ADD CONSTRAINT `fk_cursos_profesor` FOREIGN KEY (`profesor_id`) REFERENCES `usuarios` (`id`);

--
-- Filtros para la tabla `curso_profesores`
--
ALTER TABLE `curso_profesores`
  ADD CONSTRAINT `fk_curso_profesores_curso` FOREIGN KEY (`curso_id`) REFERENCES `cursos` (`id`) ON DELETE CASCADE ON UPDATE CASCADE,
  ADD CONSTRAINT `fk_curso_profesores_profesor` FOREIGN KEY (`profesor_id`) REFERENCES `usuarios` (`id`) ON DELETE CASCADE ON UPDATE CASCADE;

--
-- Filtros para la tabla `historial_proyuts`
--
ALTER TABLE `historial_proyuts`
  ADD CONSTRAINT `fk_historial_usuario` FOREIGN KEY (`usuario_id`) REFERENCES `usuarios` (`id`) ON DELETE CASCADE ON UPDATE CASCADE;

--
-- Filtros para la tabla `inscripciones`
--
ALTER TABLE `inscripciones`
  ADD CONSTRAINT `fk_inscripciones_curso` FOREIGN KEY (`curso_id`) REFERENCES `cursos` (`id`) ON DELETE CASCADE ON UPDATE CASCADE,
  ADD CONSTRAINT `fk_inscripciones_usuario` FOREIGN KEY (`usuario_id`) REFERENCES `usuarios` (`id`) ON DELETE CASCADE ON UPDATE CASCADE;

--
-- Filtros para la tabla `proyuts`
--
ALTER TABLE `proyuts`
  ADD CONSTRAINT `fk_proyuts_curso` FOREIGN KEY (`curso_id`) REFERENCES `cursos` (`id`) ON DELETE SET NULL ON UPDATE CASCADE,
  ADD CONSTRAINT `fk_proyuts_usuario` FOREIGN KEY (`usuario_id`) REFERENCES `usuarios` (`id`) ON DELETE CASCADE ON UPDATE CASCADE;

--
-- Filtros para la tabla `usuario_roles`
--
ALTER TABLE `usuario_roles`
  ADD CONSTRAINT `fk_usuario_roles_rol` FOREIGN KEY (`rol_id`) REFERENCES `roles` (`id`) ON UPDATE CASCADE,
  ADD CONSTRAINT `fk_usuario_roles_usuario` FOREIGN KEY (`usuario_id`) REFERENCES `usuarios` (`id`) ON DELETE CASCADE ON UPDATE CASCADE;
COMMIT;

/*!40101 SET CHARACTER_SET_CLIENT=@OLD_CHARACTER_SET_CLIENT */;
/*!40101 SET CHARACTER_SET_RESULTS=@OLD_CHARACTER_SET_RESULTS */;
/*!40101 SET COLLATION_CONNECTION=@OLD_COLLATION_CONNECTION */;
